Ano,Bioma,grupo,n_patches,total_area_ha,POINT_X,POINT_Y,centroid_lon,centroid_lat
1985,Amazônia,Anthropogenic_use,156612,2847977.55,538424.9630353635,2536309.457439063,-55.06321725443485,-9.890865133710989
1985,Caatinga,Anthropogenic_use,14517,81367.83,2048563.235354203,2433144.3193640127,-40.89717887979085,-9.831114256424593
1985,Cerrado,Anthropogenic_use,302906,2351184.84,952848.673475842,1938679.735396155,-50.812045817544,-15.020889965394458
1985,Mata Atlântica,Anthropogenic_use,43773,237948.21,1307571.786733249,1102992.173839121,-46.746586158311025,-21.969379704132308
1985,Pampa,Anthropogenic_use,52,108.0,603816.3535094032,194934.51773082293,-53.41836351051039,-30.20692828396575
1985,Pantanal,Anthropogenic_use,15728,82483.92000000001,368603.9232222268,1560315.5995570119,-56.34515984765672,-18.565048645690876
1986,Amazônia,Anthropogenic_use,185055,2638389.33,509542.5573261183,2533900.135460448,-55.32038283306632,-9.917178376077349
1986,Caatinga,Anthropogenic_use,47542,279406.44,1805518.0601903158,2159818.2034914275,-42.83384335868162,-12.497805291320258
1986,Cerrado,Anthropogenic_use,215741,1367810.7300000002,1020847.6752105808,2037921.5616153195,-50.21544131029404,-14.119023261457553
1986,Mata Atlântica,Anthropogenic_use,56840,268340.22,1546438.0139625065,1234791.0018976037,-44.46501946339854,-20.653863250057817
1986,Pampa,Anthropogenic_use,45,95.13,665171.0039135522,125840.14521685522,-52.716597771219554,-30.775628549374655
1986,Pantanal,Anthropogenic_use,11526,58045.32000000001,281582.85699251585,1452957.7921472217,-57.189367692106316,-19.504917996931933
1987,Amazônia,Anthropogenic_use,269340,4391270.91,513355.5323715568,2585903.9308389896,-55.327843809812855,-9.432846521563546
1987,Caatinga,Anthropogenic_use,28853,92384.19,2014701.6451961969,2347335.9918660126,-41.09589372837279,-10.629122708621088
1987,Cerrado,Anthropogenic_use,301395,2106976.5,1038300.6027352761,2117671.6940112375,-50.11160690370283,-13.414079820150878
1987,Mata Atlântica,Anthropogenic_use,33297,151554.78,1591354.736834363,1308524.273165175,-44.12094302484618,-19.969956487399404
1987,Pampa,Anthropogenic_use,80,176.4,668090.9188775669,141586.29291154075,-52.69141795859667,-30.639702190628988
1987,Pantanal,Anthropogenic_use,10740,72467.46,248852.25991344734,1531487.6232318475,-57.51988438606358,-18.830786094940002
1988,Amazônia,Anthropogenic_use,223200,4152902.13,553774.630282303,2567240.2209818903,-54.91867945147124,-9.615696635945234
1988,Caatinga,Anthropogenic_use,17657,67299.12,1888273.2189742462,2268381.6441631783,-42.18773495206636,-11.45518333218326
1988,Cerrado,Anthropogenic_use,308597,2364908.4,981099.4634438384,1964798.0015347905,-50.560460185279865,-14.782206082620272
1988,Mata Atlântica,Anthropogenic_use,41424,222979.05,1477866.7825416212,1201047.8089985806,-45.11781604751069,-20.99654901382593
1988,Pampa,Anthropogenic_use,106,196.65,688520.1378126179,158520.43174498348,-52.47505979680375,-30.486969206266995
1988,Pantanal,Anthropogenic_use,28018,198709.02,313412.6843879192,1475601.0842247622,-56.87480675852133,-19.305531307005776
1989,Amazônia,Anthropogenic_use,165507,2031912.6300000001,400465.9888594808,2508591.8318581264,-56.33383529258515,-10.170914529581337
1989,Caatinga,Anthropogenic_use,20591,91833.57,1857701.7563248225,2219512.6447682665,-42.41563577168997,-11.915302360208376
1989,Cerrado,Anthropogenic_use,122513,848750.49,1051029.5252197136,1953040.963558687,-49.881006336119164,-14.84898984830002
1989,Mata Atlântica,Anthropogenic_use,20118,93835.98000000001,1474515.9089913152,1209379.7209063144,-45.21498204646466,-20.909397683648326
1989,Pampa,Anthropogenic_use,199,362.61,692962.5719248641,138208.6371181057,-52.41691003611558,-30.659907296870436
1989,Pantanal,Anthropogenic_use,6363,32355.36,282450.3990814263,1531105.8005040353,-57.19008945857022,-18.831289356505263
1990,Amazônia,Anthropogenic_use,176387,2682503.55,527756.988112601,2599448.605147843,-55.1703173063564,-9.325495058767546
1990,Caatinga,Anthropogenic_use,23714,111322.26,1862687.9792151118,2255976.1765563367,-42.41132536968638,-11.591988080671669
1990,Cerrado,Anthropogenic_use,130501,899534.25,989420.4743212486,1998239.4425474713,-50.513674991688724,-14.47100715887417
1990,Mata Atlântica,Anthropogenic_use,28357,126987.66,1553859.1254775624,1222801.189349907,-44.38360483039572,-20.74996758962057
1990,Pampa,Anthropogenic_use,115,237.33,677273.4215227889,150691.28562896853,-52.5942669332229,-30.558902876335463
1990,Pantanal,Anthropogenic_use,4703,19238.49,323680.8666198379,1552864.17135572,-56.78854964585954,-18.636604721522826
1991,Amazônia,Anthropogenic_use,219824,3353077.08,535804.4564013616,2639333.6876256578,-55.13614307741845,-8.943728829402886
1991,Caatinga,Anthropogenic_use,8818,36849.69,1964770.8713233708,2298804.7313540466,-41.50905021750849,-11.104684617489166
1991,Cerrado,Anthropogenic_use,126191,1019749.32,844650.5071549485,2043636.3556500755,-51.919517675305016,-14.147933459264802
1991,Mata Atlântica,Anthropogenic_use,15979,75120.21,1472560.209487255,1175658.6391748001,-45.247274157474955,-21.186839692584897
1991,Pampa,Anthropogenic_use,125,203.31,689578.2103507895,138211.45375519912,-52.453084979833484,-30.661582459863215
1991,Pantanal,Anthropogenic_use,19452,110644.74,293156.6100239422,1486453.7572053596,-57.08031740536484,-19.21452969565908
1992,Amazônia,Anthropogenic_use,238753,2933875.17,684897.4563320318,2780609.5030010426,-53.79236632019276,-7.653739662658493
1992,Caatinga,Anthropogenic_use,17238,84381.66,1837503.8484560237,2252554.8393315785,-42.63860813464281,-11.65292340575217
1992,Cerrado,Anthropogenic_use,98634,655586.37,1117725.0380651492,2223635.728578761,-49.4396894099848,-12.429950940541952
1992,Mata Atlântica,Anthropogenic_use,7003,38583.81,1574813.1238802702,1253662.2443413625,-44.22169843325399,-20.463779507698693
1992,Pampa,Anthropogenic_use,48,62.730000000000004,635922.9547241022,81058.78992723086,-53.00994623969484,-31.174300197446176
1992,Pantanal,Anthropogenic_use,4466,17670.51,316656.3536415815,1551911.1499549833,-56.858034873027485,-18.647160138264535
1993,Amazônia,Anthropogenic_use,200181,3247882.83,414118.2948969531,2527499.206061179,-56.201482749253294,-10.00435954610987
1993,Caatinga,Anthropogenic_use,30056,143491.22999999998,1851588.4443079776,2162954.438520473,-42.40979826433199,-12.417982162660188
1993,Cerrado,Anthropogenic_use,173088,1230874.38,1017189.3672001255,2011056.6372930312,-50.24591156465231,-14.347001789876257
1993,Mata Atlântica,Anthropogenic_use,59069,380618.37,1831204.9497962154,1501330.3382074835,-41.896327961833485,-18.13105744230633
1993,Pampa,Anthropogenic_use,87,122.4,665797.8915008149,122952.38186097595,-52.70539428991248,-30.801382478498343
1993,Pantanal,Anthropogenic_use,24203,134612.64,297434.0408622595,1433842.2144195628,-57.0277744898499,-19.666997359305697
1994,Amazônia,Anthropogenic_use,167568,3105962.37,538037.7741659473,2588225.943715967,-55.05159307613821,-9.425384199103508
1994,Caatinga,Anthropogenic_use,22234,98985.23999999999,1828481.2082109372,2220105.094955684,-42.68939189316936,-11.9427447677639
1994,Cerrado,Anthropogenic_use,185954,1399827.24,1100295.1508926128,2051293.6531842914,-49.46235409619346,-13.968040668886609
1994,Mata Atlântica,Anthropogenic_use,41621,245168.82,1524090.7439355857,1179246.748603349,-44.57922412686128,-21.180302583840657
1994,Pampa,Anthropogenic_use,74,110.97,659587.4779518744,122717.11894833969,-52.773208330082426,-30.806860963767644
1994,Pantanal,Anthropogenic_use,8539,40244.49,343969.12837106077,1555559.519131133,-56.586329070071045,-18.610055295328706
1995,Amazônia,Anthropogenic_use,208825,3933066.87,446895.8992843135,2601815.1948767714,-55.95036509179481,-9.301404071924056
1995,Caatinga,Anthropogenic_use,15590,70192.98,1949637.697980157,2377975.9132925137,-41.7560607856234,-10.419691521519287
1995,Cerrado,Anthropogenic_use,136426,974842.56,1146704.3641367126,2155133.137448086,-49.14440437007319,-12.994065127608287
1995,Mata Atlântica,Anthropogenic_use,20963,112268.97,1368497.9990415715,1073594.2806065783,-46.1071490536922,-22.181450696001267
1995,Pampa,Anthropogenic_use,171,399.87,679251.5969603413,135079.91762398073,-52.5646846271296,-30.69277000526901
1995,Pantanal,Anthropogenic_use,17778,129235.14,314243.1376596939,1392463.505957263,-56.850854097245815,-20.019792332141623
1996,Amazônia,Anthropogenic_use,229449,4062667.95,671482.0290905521,2664780.551310671,-53.860753597789135,-8.717605827395559
1996,Caatinga,Anthropogenic_use,15965,60559.74,1954139.5399380878,2368215.8869418697,-41.69292077829111,-10.50471871700619
1996,Cerrado,Anthropogenic_use,143229,1140984.36,1096190.4574937944,2093577.4674097234,-49.54523788138968,-13.590628851273125
1996,Mata Atlântica,Anthropogenic_use,24330,129343.05,1607739.0141335574,1337358.5907451198,-43.996431409079435,-19.71122549399312
1996,Pampa,Anthropogenic_use,191,371.52,680390.9385966313,146792.01759088138,-52.55860674912298,-30.591026760320883
1996,Pantanal,Anthropogenic_use,9560,65102.58,298964.47702103085,1452114.836042591,-57.016735752451304,-19.509442205081868
1997,Amazônia,Anthropogenic_use,230949,5013508.59,471804.5772025851,2638819.7303779693,-55.6901459625577,-9.005186341222245
1997,Caatinga,Anthropogenic_use,16997,89261.19,1871082.693442294,2270442.4225750607,-42.34810439201033,-11.458160592237004
1997,Cerrado,Anthropogenic_use,120876,941709.51,1122554.7868790054,2083641.3470166705,-49.29663441384865,-13.649447554113943
1997,Mata Atlântica,Anthropogenic_use,28487,173532.24,1568056.5019480893,1236057.3484122804,-44.29827048903332,-20.615085807102645
1997,Pampa,Anthropogenic_use,208,1063.8899999999999,675328.1245732299,150673.35929790864,-52.61576951019453,-30.560443748909915
1997,Pantanal,Anthropogenic_use,7452,65592.36,295942.64109770366,1418199.6406107997,-57.04020089219042,-19.80128881012439
1998,Amazônia,Anthropogenic_use,208087,5111781.57,592645.5733989849,2623073.4806715255,-54.541017905155485,-9.110792965437684
1998,Caatinga,Anthropogenic_use,14027,52033.590000000004,1854812.0385965516,2244403.971252601,-42.46744457756248,-11.702847529477934
1998,Cerrado,Anthropogenic_use,176902,1418196.7799999998,1176357.2048505412,2206754.851638565,-48.8408380011197,-12.566677883973819
1998,Mata Atlântica,Anthropogenic_use,17335,98100.98999999999,1806389.841147971,1449078.4901430304,-42.078949700499926,-18.60169922075019
1998,Pampa,Anthropogenic_use,90,149.85,653474.709915001,104576.23318422039,-52.831042810870905,-30.965433247108855
1998,Pantanal,Anthropogenic_use,4554,28450.26,335544.671733945,1518904.3248257667,-56.67149504869408,-18.925295268174537
1999,Amazônia,Anthropogenic_use,283238,5205739.05,541518.1547181439,2591223.7704943023,-55.038217179551324,-9.423949532921306
1999,Caatinga,Anthropogenic_use,20800,120157.38,1781567.2043285,2162883.0766123203,-43.064535740493554,-12.49349198283562
1999,Cerrado,Anthropogenic_use,164414,1408623.6600000001,1000694.3889220307,1895279.4965670994,-50.35470265050821,-15.352658566709302
1999,Mata Atlântica,Anthropogenic_use,55740,372018.15,1451811.2984137954,1123320.9393037083,-45.283413983594244,-21.70325014477032
1999,Pampa,Anthropogenic_use,172,426.51,655456.3812438623,126460.81356879939,-52.82023818522171,-30.77671357023406
1999,Pantanal,Anthropogenic_use,34730,243137.88,311748.7474106336,1459786.8529102071,-56.88878669161515,-19.44062412232217
2000,Amazônia,Anthropogenic_use,319351,4257473.220000001,643640.3603627703,2727093.091521576,-54.17755083816743,-8.134200881359346
2000,Caatinga,Anthropogenic_use,32881,220249.16999999998,1830804.0978944295,2243955.1829572213,-42.699312303793,-11.730006105952851
2000,Cerrado,Anthropogenic_use,158832,1248010.2,1138491.6704069,2023764.933638886,-49.10844623746685,-14.161023886847182
2000,Mata Atlântica,Anthropogenic_use,36781,202955.22,1462265.7913135418,1179839.125034498,-45.25051371387471,-21.20067355820242
2000,Pampa,Anthropogenic_use,293,734.85,678799.3935782938,134874.72497256528,-52.56978366484779,-30.694579803834017
2000,Pantanal,Anthropogenic_use,7322,33607.89,315608.9880875441,1582880.3631660272,-56.87504956754604,-18.379508476702313
2001,Amazônia,Anthropogenic_use,354144,4974221.88,611366.5543005372,2812040.283948019,-54.47800355356145,-7.380900644026716
2001,Caatinga,Anthropogenic_use,32047,136359.81,1896713.5310439027,2271695.4686396453,-42.108544402707885,-11.418429675814622
2001,Cerrado,Anthropogenic_use,157784,1181381.67,1133838.5410251194,2114809.026838869,-49.21311212747147,-13.37302460213568
2001,Mata Atlântica,Anthropogenic_use,44406,298126.35,1655423.5872049332,1312377.2659613676,-43.45123201957205,-19.902635786663197
2001,Pampa,Anthropogenic_use,149,365.49,652683.6772799103,142451.0585192569,-52.858353559932,-30.639906855486878
2001,Pantanal,Anthropogenic_use,9294,74396.97,264001.0804310004,1399126.9869687543,-57.35632265987625,-19.971726257076888
2002,Amazônia,Anthropogenic_use,313471,5010677.1,603511.0915907959,2700063.3369322815,-54.512431206857265,-8.408081555993064
2002,Caatinga,Anthropogenic_use,22154,114183.54,1870556.3156218545,2224495.149865163,-42.31700009945673,-11.849871316122812
2002,Cerrado,Anthropogenic_use,151053,1159556.94,1131522.3334792203,2025429.2143445173,-49.16437388414781,-14.154120360700764
2002,Mata Atlântica,Anthropogenic_use,31821,172862.28,1509689.5506213894,1215753.0112033333,-44.793455800244644,-20.865479274389326
2002,Pampa,Anthropogenic_use,268,601.38,664544.9812109991,141924.11199562202,-52.72869900184273,-30.63987647774
2002,Pantanal,Anthropogenic_use,15414,74880.54,328260.8170281078,1507335.704453397,-56.734905929274994,-19.0293026450363
2003,Amazônia,Anthropogenic_use,340646,5037524.37,574872.0617438642,2717151.638447437,-54.7809453078887,-8.245480537902973
2003,Caatinga,Anthropogenic_use,33637,129955.95,1984167.6553763158,2341117.0950783226,-41.39802071601902,-10.702341790380968
2003,Cerrado,Anthropogenic_use,126523,914968.35,1140853.2517399862,2142170.194761867,-49.17239284285886,-13.120008157642468
2003,Mata Atlântica,Anthropogenic_use,61663,396727.29000000004,1598965.8427075432,1268602.1912260354,-43.98459950351095,-20.325284535768596
2003,Pampa,Anthropogenic_use,283,471.06,670484.515417087,141484.93442886084,-52.66362569591411,-30.639792924357142
2003,Pantanal,Anthropogenic_use,5787,40403.43,260305.15131497095,1475819.520651973,-57.40350148714262,-19.313245292812535
2004,Amazônia,Anthropogenic_use,350779,5989380.119999999,599345.1877149764,2702427.0790878795,-54.554657920701366,-8.392213898405327
2004,Caatinga,Anthropogenic_use,28327,109731.69,1983552.609667615,2394026.065564507,-41.4585286484875,-10.24310790557034
2004,Cerrado,Anthropogenic_use,174332,1242517.14,1145396.3583427786,2116989.21645406,-49.10539894018442,-13.349342590105293
2004,Mata Atlântica,Anthropogenic_use,25602,132039.45,1443879.8959280688,1166105.5789771802,-45.47314194303316,-21.31571491211246
2004,Pampa,Anthropogenic_use,331,626.85,679374.1119253775,132060.71246240303,-52.56166678770576,-30.717759191945653
2004,Pantanal,Anthropogenic_use,7381,27584.19,331172.32373227924,1597912.4416511683,-56.72390343124451,-18.247709403821748
2005,Amazônia,Anthropogenic_use,344668,7013757.78,468932.87368466996,2687823.0062388494,-55.743955547007154,-8.53558674731871
2005,Caatinga,Anthropogenic_use,32579,155717.46,1877762.4075757281,2261654.212050637,-42.27859960398518,-11.525186084031986
2005,Cerrado,Anthropogenic_use,158396,1122967.6199999999,1233994.2495483865,2261311.3975791256,-48.37475232594983,-12.026988811645479
2005,Mata Atlântica,Anthropogenic_use,26791,137414.43000000002,1698604.2308853923,1405931.9724322364,-43.1476787503715,-19.052851976256544
2005,Pampa,Anthropogenic_use,377,1059.21,657773.2712716811,112719.5080536754,-52.788099649517605,-30.893633679644573
2005,Pantanal,Anthropogenic_use,9656,61157.79,274670.17652413755,1423878.0553242296,-57.25401736691335,-19.75756329255209
2006,Amazônia,Anthropogenic_use,274872,4150486.53,499208.96799394407,2686360.55685388,-55.44824953034027,-8.570772478322448
2006,Caatinga,Anthropogenic_use,18698,70311.33,2038680.8553989008,2481725.490636513,-41.04130281387337,-9.41745831949715
2006,Cerrado,Anthropogenic_use,99128,768573.0,1149016.5455584386,2097874.4219173207,-49.07407672529218,-13.503095342112722
2006,Mata Atlântica,Anthropogenic_use,28940,167120.1,1540428.941244533,1205767.1635583506,-44.48556327694247,-20.911820020909264
2006,Pampa,Anthropogenic_use,389,1176.21,673854.4117556898,123088.46819919463,-52.6190962010478,-30.797713382084567
2006,Pantanal,Anthropogenic_use,5941,48883.86,260705.552330291,1469425.0982073569,-57.39872419142001,-19.36908095830242
2007,Amazônia,Anthropogenic_use,283428,6219893.34,667197.6776860538,2687161.1107371957,-53.88321926535679,-8.527572095171454
2007,Caatinga,Anthropogenic_use,21450,82623.69,1942281.3183798913,2328909.669544276,-41.75388797972121,-10.864874054009091
2007,Cerrado,Anthropogenic_use,240331,1957109.58,1223439.8630788696,2249833.241420805,-48.45111253858736,-12.143679392691842
2007,Mata Atlântica,Anthropogenic_use,32554,204807.06,1440720.7598330188,1180712.4159614325,-45.47256222962245,-21.2027799418378
2007,Pampa,Anthropogenic_use,254,436.23,664117.7222431048,123961.14774641788,-52.724695362125054,-30.794084039241397
2007,Pantanal,Anthropogenic_use,12187,60458.76,324081.2230145609,1529223.933006113,-56.779061785846274,-18.841487243516184
2008,Amazônia,Anthropogenic_use,252426,4164012.4499999997,666627.9478861119,2764025.804383801,-53.94317659606974,-7.822680035195145
2008,Caatinga,Anthropogenic_use,23740,86889.69,2038411.731370128,2381282.6013413267,-40.925830037330485,-10.295130785715356
2008,Cerrado,Anthropogenic_use,133425,1223412.48,1134856.3589379285,2134079.330742524,-49.25416615659836,-13.188860183351878
2008,Mata Atlântica,Anthropogenic_use,26613,163291.22999999998,1469682.2602121437,1321932.2212563101,-45.35482026809076,-19.94232245985067
2008,Pampa,Anthropogenic_use,314,627.48,675234.6870075978,137025.08137288084,-52.60983751349792,-30.677345347695265
2008,Pantanal,Anthropogenic_use,7974,37143.81,296759.17032664345,1584180.0087112116,-57.059836409205076,-18.373383128116792
2009,Amazônia,Anthropogenic_use,226894,2767894.65,781973.8142081399,2938418.326020962,-52.987702292321934,-6.195019507025484
2009,Caatinga,Anthropogenic_use,18246,70537.31999999999,2098153.527104636,2528360.283402102,-40.545763392773495,-8.938462783306283
2009,Cerrado,Anthropogenic_use,87705,794577.3300000001,1151612.8398318812,2137789.4841113347,-49.11752552803862,-13.139893548649344
2009,Mata Atlântica,Anthropogenic_use,13296,80381.79000000001,1209242.9862890628,1194472.09919247,-47.84730487867264,-21.223895020732893
2009,Pampa,Anthropogenic_use,272,520.29,658993.1293469127,131162.64940175528,-52.78378376606667,-30.73375861896317
2009,Pantanal,Anthropogenic_use,5077,25800.93,275824.36284226464,1483868.771825501,-57.25054221726386,-19.242116765289094
2010,Amazônia,Anthropogenic_use,244127,5169950.82,603292.3701683298,2683207.458940818,-54.47553874318154,-8.57295676421568
2010,Caatinga,Anthropogenic_use,9629,46700.46,1830056.4678848747,2304017.8163455087,-42.77060916317883,-11.202873479749464
2010,Cerrado,Anthropogenic_use,241779,2086065.0899999999,1173918.6816811317,2191380.181033679,-48.872043401242436,-12.69515343497306
2010,Mata Atlântica,Anthropogenic_use,23183,179612.37000000002,1438527.6882426394,1212963.2172723187,-45.49829236317765,-20.939317911739707
2010,Pampa,Anthropogenic_use,330,770.85,663210.2880655816,117760.20583609684,-52.73111748248337,-30.848190136267636
2010,Pantanal,Anthropogenic_use,8573,46528.2,320602.2238724053,1583860.3555816878,-56.82564564493287,-18.37081930765503
2011,Amazônia,Anthropogenic_use,157768,1686179.52,720041.6472524706,2806605.672503709,-53.487196287429605,-7.406427777391685
2011,Caatinga,Anthropogenic_use,7743,39803.94,1903680.4147023705,2291326.537260024,-42.07774365052947,-11.228297793476399
2011,Cerrado,Anthropogenic_use,116403,1045297.89,1198519.3223528913,2031276.0564072037,-48.53295500153935,-14.06494463167568
2011,Mata Atlântica,Anthropogenic_use,28159,255581.55,1497193.4800441754,1231706.0876039162,-44.911263524393775,-20.738810475317806
2011,Pampa,Anthropogenic_use,293,736.65,662288.5593054588,116836.51346549431,-52.7408690992188,-30.856511818230658
2011,Pantanal,Anthropogenic_use,6249,40387.14,287056.78602454707,1463650.7439566804,-57.136237483050344,-19.413110952848438
2012,Amazônia,Anthropogenic_use,170826,2224420.56,715872.2747995818,2796085.9195567127,-53.51187064383179,-7.5062142130273966
2012,Caatinga,Anthropogenic_use,11001,44897.94,1927451.0759401766,2312601.4485406787,-41.8827579476346,-11.019256716216853
2012,Cerrado,Anthropogenic_use,159452,1092388.95,1298133.4103043803,2320702.6785253314,-47.8076874768916,-11.473356649625455
2012,Mata Atlântica,Anthropogenic_use,12597,64233.18,1601232.4593373376,1374545.1862039675,-44.129707059079514,-19.373266923814175
2012,Pampa,Anthropogenic_use,596,1608.03,670721.3447191824,130900.56737282102,-52.65621295028026,-30.73243348328017
2012,Pantanal,Anthropogenic_use,3367,13684.41,276731.6816961032,1512739.9419969257,-57.24597125900416,-18.993043440159354
2013,Amazônia,Anthropogenic_use,185211,1846829.79,766358.8122099849,2844415.3340745247,-53.06760141133131,-7.037892053672013
2013,Caatinga,Anthropogenic_use,6990,25244.64,1937449.7473311124,2356616.619647275,-41.83301781554197,-10.625845940787594
2013,Cerrado,Anthropogenic_use,100466,726246.36,1187161.6332545332,2247703.089835245,-48.817870094589054,-12.172828902033737
2013,Mata Atlântica,Anthropogenic_use,22046,121396.14,1313786.361139906,1183259.0330915523,-46.7709804989424,-21.26765966981704
2013,Pampa,Anthropogenic_use,95,248.13,674059.8690546909,122909.2555029757,-52.61305501121637,-30.798160791811505
2013,Pantanal,Anthropogenic_use,4332,28690.47,292860.7799070908,1489187.0409362593,-57.08228454784339,-19.193307889732797
2014,Amazônia,Anthropogenic_use,248561,3271657.41,709761.7133811865,2865406.441406224,-53.58123103159738,-6.894083108949746
2014,Caatinga,Anthropogenic_use,6281,21879.0,1980008.787746491,2434312.5770368576,-41.52769454909872,-9.896118660597441
2014,Cerrado,Anthropogenic_use,156940,1147355.01,1202554.8911270811,2198528.272762277,-48.61245533359241,-12.60472859716738
2014,Mata Atlântica,Anthropogenic_use,31484,221422.68,1470666.1543942005,1194678.4489213903,-45.1408716584572,-21.07567123887104
2014,Pampa,Anthropogenic_use,104,466.65,669625.9023711896,144135.5079420985,-52.675260562502935,-30.617624246363892
2014,Pantanal,Anthropogenic_use,3143,35157.06,284736.50050067593,1512610.0048328121,-57.165956060080866,-18.99404889697239
2015,Amazônia,Anthropogenic_use,332476,5118888.42,712839.3780636095,2914512.323726364,-53.58447388195679,-6.43509712509186
2015,Caatinga,Anthropogenic_use,11195,45721.89,1954416.1875766253,2375353.267311884,-41.682791319589505,-10.447920919616863
2015,Cerrado,Anthropogenic_use,151343,1158404.94,1246337.866729109,2361602.4206484454,-48.32864521719804,-11.145385585271509
2015,Mata Atlântica,Anthropogenic_use,28857,172972.17,1690176.1970142156,1434567.8239531156,-43.26572992128609,-18.8003713338249
2015,Pampa,Anthropogenic_use,121,328.68,607613.2927299441,139094.2039002479,-53.34926114523556,-30.68528861731363
2015,Pantanal,Anthropogenic_use,3525,19466.19,306102.8326859989,1550138.6952037665,-56.9645838286317,-18.664685413725056
2016,Amazônia,Anthropogenic_use,333508,3944016.27,614563.3613528096,2939855.799538793,-54.49034472959362,-6.201044625069461
2016,Caatinga,Anthropogenic_use,6439,21940.2,2060921.128632762,2528530.470271694,-40.88400406652032,-8.979192998661789
2016,Cerrado,Anthropogenic_use,142615,1026783.72,1220869.4522246271,2258991.0999874366,-48.51077014477785,-12.047671633220268
2016,Mata Atlântica,Anthropogenic_use,37574,220650.84000000003,1419354.224308946,1239344.077143915,-45.779595129717,-20.694239344446796
2016,Pampa,Anthropogenic_use,157,383.67,596352.824417696,122008.82243090466,-53.46438907955864,-30.836127733213587
2016,Pantanal,Anthropogenic_use,5480,39348.81,314752.57491970656,1466372.3215487953,-56.86151570687325,-19.385180901382554
2017,Amazônia,Anthropogenic_use,282032,4995105.029999999,707654.867105296,2860440.3534946893,-53.59745380496293,-6.948296422707731
2017,Caatinga,Anthropogenic_use,5799,21728.52,2100493.614781719,2618510.1375612635,-40.62433487192432,-8.143363295684653
2017,Cerrado,Anthropogenic_use,157641,1251768.87,1195797.1319526744,2281576.7197701554,-48.76930908355275,-11.864743363938015
2017,Mata Atlântica,Anthropogenic_use,27410,187632.72,1350559.30441716,1174251.0144308158,-46.34795174057132,-21.335180284098524
2017,Pampa,Anthropogenic_use,185,1033.83,771876.8207322493,161069.1901117125,-51.57289073621238,-30.422259205161957
2017,Pantanal,Anthropogenic_use,5037,26413.920000000002,310933.2639248903,1538602.9134527256,-56.91293180010691,-18.763946485084816
2018,Amazônia,Anthropogenic_use,217318,2400668.1,376080.14601482777,2838334.620461539,-56.63053291206795,-7.194874495597012
2018,Caatinga,Anthropogenic_use,7352,31932.54,2043419.7474466097,2563776.924780216,-41.0907353551184,-8.683073564822513
2018,Cerrado,Anthropogenic_use,96212,790131.96,1225316.1699549516,2222706.649599145,-48.440962724129896,-12.366206831580543
2018,Mata Atlântica,Anthropogenic_use,21154,137766.24,1310710.8794345781,1226937.2636941702,-46.84102619341462,-20.89726624579963
2018,Pampa,Anthropogenic_use,204,1027.44,667130.4488839961,71184.21111496617,-52.66212608538214,-31.24567226972428
2018,Pantanal,Anthropogenic_use,4490,27426.78,342085.8274668913,1563476.3736938548,-56.60692471775952,-18.54370054322464
2019,Amazônia,Anthropogenic_use,229999,3793467.42,376927.50938707765,2830872.1964982506,-56.5896569862404,-7.284193952012317
2019,Caatinga,Anthropogenic_use,18053,76788.0,2119571.854269039,2646607.117992044,-40.485750343193544,-7.877018251166438
2019,Cerrado,Anthropogenic_use,155853,1262660.94,1206620.1527811543,2236810.1568479775,-48.62319005449452,-12.258026961961368
2019,Mata Atlântica,Anthropogenic_use,33678,226660.95,1488859.630839877,1258907.2498927088,-45.07252363740957,-20.48996642248451
2019,Pampa,Anthropogenic_use,199,483.66,634364.0108206291,104007.76980320789,-53.03832059094643,-30.975178416671046
2019,Pantanal,Anthropogenic_use,8062,49889.61,312379.18223498715,1509891.2293833303,-56.89377493959224,-19.01016561565008
2020,Amazônia,Anthropogenic_use,235724,4206867.93,435571.08641205943,2796654.5958119067,-56.05267140782596,-7.597428118888173
2020,Caatinga,Anthropogenic_use,18975,99714.78,2083538.0853673096,2590863.079468218,-40.751397104114666,-8.408032400317335
2020,Cerrado,Anthropogenic_use,154221,1447287.21,1168468.0988017402,2232129.442579836,-48.98427582948558,-12.316685284358543
2020,Mata Atlântica,Anthropogenic_use,27589,179981.55,1383054.6394359434,1199677.424458428,-46.07869189575531,-21.082078525861885
2020,Pampa,Anthropogenic_use,381,1921.59,628574.0200063852,89395.79091740551,-53.095032591248,-31.104768717673117
2020,Pantanal,Anthropogenic_use,17444,97342.29,336845.9269584682,1666303.220046675,-56.68322116374013,-17.65777474627189
2021,Amazônia,Anthropogenic_use,141249,2252456.01,65493.78234635939,2741257.4396825503,-59.44987372234154,-8.126667683045481
2021,Caatinga,Anthropogenic_use,19023,81375.84,2019039.6695135958,2489588.891929027,-41.22822235411166,-9.370871270892303
2021,Cerrado,Anthropogenic_use,112938,959239.6200000001,1153596.95244966,2061358.9175326375,-49.01341051114557,-13.818840947195882
2021,Mata Atlântica,Anthropogenic_use,32084,206180.55,1440742.7250676216,1255109.5307426571,-45.559722761254235,-20.55808530255516
2021,Pampa,Anthropogenic_use,304,1270.35,654257.3890150755,93585.77576148932,-52.81565559089355,-31.057969679719836
2021,Pantanal,Anthropogenic_use,8466,96133.86,241569.38925637462,1326410.763919504,-57.566749115070294,-20.601837672635124
2022,Amazônia,Anthropogenic_use,258153,4755571.199999999,336074.79904082435,2815941.5246992814,-56.983553492521025,-7.419475470419551
2022,Caatinga,Anthropogenic_use,20681,106935.84,2004654.455909379,2460391.6619728794,-41.32019681457194,-9.650741986703416
2022,Cerrado,Anthropogenic_use,131567,1196418.06,1278634.9873059639,2345986.5817195214,-48.02709745039847,-11.25585824060949
2022,Mata Atlântica,Anthropogenic_use,24622,147523.77000000002,1525611.3943554834,1225298.755572168,-44.66099603745162,-20.752651020858057
2022,Pampa,Anthropogenic_use,324,1596.42,613851.9920398407,118184.35302590331,-53.27049031458927,-30.863036040011142
2022,Pantanal,Anthropogenic_use,2502,18944.91,260256.12901185596,1510512.5277204202,-57.406429340283026,-19.015336422389367
2023,Amazônia,Anthropogenic_use,250634,3806574.12,561599.1849967734,2974939.060385845,-54.98312160912506,-5.9304516132312814
2023,Caatinga,Anthropogenic_use,18659,91407.42,1989146.7839784888,2504005.70875143,-41.51361604254238,-9.280614737949215
2023,Cerrado,Anthropogenic_use,106391,952534.4400000001,1359670.9669740975,2401128.6058232733,-47.32979609030979,-10.701377262433539
2023,Mata Atlântica,Anthropogenic_use,21140,122813.37,1549550.4632512867,1320509.0992700672,-44.560907000456766,-19.89279904262098
2023,Pampa,Anthropogenic_use,229,1289.61,593338.2257032105,105394.97893792774,-53.490524446779546,-30.981988577386122
2023,Pantanal,Anthropogenic_use,4393,23788.800000000003,309508.0602505352,1587690.5718291523,-56.93425233190937,-18.34090005499484
2024,Amazônia,Anthropogenic_use,299565,5461087.32,502504.0872594939,2883601.1158579146,-55.4664023944614,-6.785558247253998
2024,Caatinga,Anthropogenic_use,12090,61255.62,1991477.8748405694,2458804.5447521373,-41.443564912879005,-9.672864728409833
2024,Cerrado,Anthropogenic_use,159402,1674225.54,1128421.5626220913,1956244.605939658,-49.15192237539404,-14.746397525851883
2024,Mata Atlântica,Anthropogenic_use,54988,703657.08,1156925.109947325,1194970.842764281,-48.28992502748023,-21.314869205663367
2024,Pampa,Anthropogenic_use,606,696.6,636916.7595942587,145904.18717800363,-53.03202204621653,-30.61524632835346
2024,Pantanal,Anthropogenic_use,17239,105613.73999999999,269693.56407441257,1570956.0412368434,-57.323478056438866,-18.49273611963961
1985,Amazônia,Natural,246990,2210694.5700000003,613236.7790966793,3000139.995272971,-54.43279412818355,-5.662429677948039
1985,Caatinga,Natural,17924,102159.9,2093627.1573529602,2684198.176648437,-40.7560922707282,-7.572683190211242
1985,Cerrado,Natural,374623,11945505.06,1132897.4948891606,2241750.2463570447,-49.29751625735662,-12.280215915928704
1985,Mata Atlântica,Natural,25334,94190.49,1244502.1748877426,1098781.3035338367,-47.389591043479896,-22.056537492543313
1985,Pampa,Natural,6485,19831.86,592162.808060295,181838.0816647855,-53.53551952498386,-30.3243223590055
1985,Pantanal,Natural,23737,631174.68,407835.7279837123,1600537.979894922,-55.96417764252691,-18.211345701189128
1986,Amazônia,Natural,255661,2002606.2000000002,610712.7401069237,2996988.039713462,-54.48877659671152,-5.6913051351737645
1986,Caatinga,Natural,65010,512714.69999999995,1896584.3069438054,2457964.820158764,-42.30989433739816,-9.787720594661906
1986,Cerrado,Natural,339259,10665721.44,1279824.1462698302,2367308.5191469234,-47.99281839420655,-11.09049447362482
1986,Mata Atlântica,Natural,46497,258973.19999999998,1412745.2795324512,1243628.3470216473,-45.833959409537464,-20.677635394784108
1986,Pampa,Natural,5048,15254.73,587368.6337617667,128633.45608507241,-53.56362318077524,-30.783555559062048
1986,Pantanal,Natural,24835,1039214.25,295590.5856463435,1511034.0704300299,-57.0606459532733,-19.00421763313765
1987,Amazônia,Natural,388473,4523823.72,653306.2593123565,2872861.316738679,-54.152532536610494,-6.792624112254488
1987,Caatinga,Natural,62623,745047.99,1964783.231684471,2537393.423252537,-41.76498075312329,-9.018209941771707
1987,Cerrado,Natural,414268,14018804.01,1164868.1602101026,2313281.2297875774,-49.050829900834735,-11.629284582684251
1987,Mata Atlântica,Natural,28652,143051.49000000002,1521139.7124081808,1256330.0743334799,-44.797560118290946,-20.48160533442388
1987,Pampa,Natural,6466,20118.06,522006.5502455426,180651.01719487298,-54.29565450497793,-30.35611405763362
1987,Pantanal,Natural,18358,451404.81,313879.4434570568,1622687.3695769247,-56.896173986965444,-18.035806339114533
1988,Amazônia,Natural,351407,3652233.3000000003,596098.3449879007,2897694.3502323213,-54.589787867412404,-6.609222044094421
1988,Caatinga,Natural,39793,271645.56,2007637.59567975,2584868.163773592,-41.43118716960787,-8.54630961914164
1988,Cerrado,Natural,400383,14504229.36,1156723.7058925102,2286505.3769324957,-49.10400645328517,-11.876515092740899
1988,Mata Atlântica,Natural,33052,210435.21,1267124.5272773495,1029894.5245605453,-47.13339705186649,-22.620311214260454
1988,Pampa,Natural,5466,21414.51,569887.421760616,170544.7931193974,-53.77092197746609,-30.426313579002905
1988,Pantanal,Natural,33773,992063.7,388178.34774512704,1610612.8771781183,-56.15908758529918,-18.127882458636165
1989,Amazônia,Natural,194067,1192026.33,514918.8094119098,2801788.1866825535,-55.35330247857497,-7.490261699996692
1989,Caatinga,Natural,29792,273920.31,1862919.3493866576,2423284.5167732774,-42.58546620437129,-10.127896645887716
1989,Cerrado,Natural,206288,5182827.66,1274287.2558581056,2329504.250046284,-48.01362542494028,-11.427922610489622
1989,Mata Atlântica,Natural,16580,77668.01999999999,1456267.3554641635,1207001.7934789537,-45.39568133878185,-20.94738474990785
1989,Pampa,Natural,6662,17953.74,553034.0859765854,140971.8578843523,-53.94160729634609,-30.687053355537532
1989,Pantanal,Natural,8800,166574.88,367157.01722397556,1632209.1565012813,-56.37393767445391,-17.945974671626956
1990,Amazônia,Natural,235701,1769242.95,496362.3293025284,3152667.292001988,-55.52894137894186,-4.309238308503717
1990,Caatinga,Natural,44252,330080.49,2015631.464123702,2677705.305629077,-41.452399940524465,-7.728859742396165
1990,Cerrado,Natural,231217,7437158.82,1234455.4676325733,2392168.7634765077,-48.46233079142464,-10.887800485124979
1990,Mata Atlântica,Natural,20723,111498.3,1276800.9025964246,1140678.7333486013,-47.11652702616354,-21.64707075028826
1990,Pampa,Natural,5916,18949.86,547800.5888509953,219721.299825916,-54.0348497056184,-30.013377314372452
1990,Pantanal,Natural,13350,515614.5,343971.47457896377,1551717.096916451,-56.58875210191284,-18.64451837569234
1991,Amazônia,Natural,295520,2734587.09,650817.3892044356,3107474.3120007706,-54.157821581599336,-4.6809145999181165
1991,Caatinga,Natural,19968,178415.1,1989079.8844663627,2588539.724251897,-41.59620678638097,-8.543062842299536
1991,Cerrado,Natural,212487,6179258.34,1054523.8359736966,2298823.48581051,-50.10840021893207,-11.80083721545422
1991,Mata Atlântica,Natural,15237,96853.05,1024400.1091808572,799970.1444613981,-49.41589975539311,-24.762175640179287
1991,Pampa,Natural,5923,17884.44,612844.8313721127,152299.9752181819,-53.29586627728984,-30.568565879141044
1991,Pantanal,Natural,22928,877150.4400000001,395247.41037926765,1613473.5241215914,-56.092213910829614,-18.10186375572688
1992,Amazônia,Natural,306591,3200754.78,829216.0012118662,3245468.186196511,-52.615559412076365,-3.434544310679629
1992,Caatinga,Natural,36371,454322.52,1986492.0474272522,2697762.237190287,-41.73762091075246,-7.588768841479097
1992,Cerrado,Natural,215162,5683984.92,1337960.1888001098,2488790.955840317,-47.55567362087443,-9.976819890688981
1992,Mata Atlântica,Natural,6368,55855.26,1053380.048975545,622475.2986418044,-48.95451181473965,-26.28930011380478
1992,Pampa,Natural,2580,7883.7300000000005,504407.5998900521,149486.3901925252,-54.476794247528304,-30.629850571044756
1992,Pantanal,Natural,11394,249899.4,423154.2933412066,1670770.5767299512,-55.829696059016804,-17.603389421586346
1993,Amazônia,Natural,256083,1985182.92,612159.3803756278,2873803.595550722,-54.49502193426309,-6.831901253479093
1993,Caatinga,Natural,61169,425975.31,2012117.5341681936,2505832.9479482113,-41.30160300659297,-9.23785009778598
1993,Cerrado,Natural,280191,8337863.340000001,1197087.6691510726,2298625.13335391,-48.73569090695186,-11.730225154269695
1993,Mata Atlântica,Natural,47906,277657.82999999996,1631896.8130273572,1347404.6746966515,-43.76162759883735,-19.622205622872293
1993,Pampa,Natural,6389,25227.54,544070.2041443081,214589.95078390907,-54.07464694147591,-30.058900514786348
1993,Pantanal,Natural,33389,1581926.76,361901.3743432268,1585208.9728274925,-56.41602339548117,-18.35269574675816
1994,Amazônia,Natural,226680,1932251.49,454991.24414657615,3015016.366407794,-55.8536743166931,-5.577463352940586
1994,Caatinga,Natural,38123,308975.67000000004,1961628.503140311,2493407.5261797626,-41.752090229361706,-9.404923066347664
1994,Cerrado,Natural,278172,9391890.959999999,1247838.242578295,2359352.513357401,-48.28567201412182,-11.188604874562493
1994,Mata Atlântica,Natural,30589,162288.45,1619935.6487845858,1328797.8839201825,-43.78370155302848,-19.81982231260642
1994,Pampa,Natural,3335,8416.53,533789.7676779389,156334.71997883325,-54.15794483959461,-30.55919715203511
1994,Pantanal,Natural,11944,578405.79,334887.8012873193,1551870.6436902147,-56.6772393033738,-18.64407495053389
1995,Amazônia,Natural,266768,2035389.87,524364.2843224482,2883870.380617938,-55.288078791124896,-6.721404478284009
1995,Caatinga,Natural,22900,255568.59000000003,2018593.2046410756,2615015.9297472266,-41.366174781738174,-8.27224914577722
1995,Cerrado,Natural,234896,6159072.869999999,1239537.6646205438,2387554.3510888983,-48.4087117483924,-10.913827578950276
1995,Mata Atlântica,Natural,18474,166247.1,1154052.810886531,791862.7630841386,-48.06598220411065,-24.761596444149237
1995,Pampa,Natural,6767,19824.75,582989.5187910285,144260.93089176097,-53.618123799750485,-30.648346738060685
1995,Pantanal,Natural,16595,856564.11,396048.58522991114,1550419.9830738043,-56.06810121549248,-18.64521213845004
1996,Amazônia,Natural,271238,2266221.69,591059.6091620516,3232254.1987444093,-54.670829935189786,-3.5791120205618205
1996,Caatinga,Natural,27557,268610.58,2016122.62022569,2667078.0616319645,-41.438814778813246,-7.822289940480882
1996,Cerrado,Natural,224280,8855625.06,1297368.186560645,2394579.576874636,-47.84593937549205,-10.843132605208764
1996,Mata Atlântica,Natural,19173,150642.09,1200455.325913185,776719.077976604,-47.617551381376224,-24.85008883963924
1996,Pampa,Natural,6667,25574.13,546284.4982397053,187684.78564684791,-54.03831803812883,-30.289017755604913
1996,Pantanal,Natural,18369,711307.17,326042.31872476736,1524177.0878609659,-56.7607005145844,-18.88531779852419
1997,Amazônia,Natural,296183,2789042.13,511662.4113087689,3122603.2500515017,-55.4261499510316,-4.611685028552911
1997,Caatinga,Natural,26343,364246.11,1933701.4442736395,2613518.093430775,-42.131404530784565,-8.38700517963407
1997,Cerrado,Natural,206849,7040471.9399999995,1283953.6431114217,2415832.230102163,-48.008136351171046,-10.645244729183386
1997,Mata Atlântica,Natural,26102,277353.36,1064944.6772530405,613666.416457696,-48.84682846897681,-26.35619742585723
1997,Pampa,Natural,5166,16919.01,554514.2270540104,133124.95395160516,-53.920977746274026,-30.754450149087862
1997,Pantanal,Natural,12035,252680.58,367769.52150094503,1584572.5082970022,-56.3575192097457,-18.356232038155202
1998,Amazônia,Natural,276802,3900527.1899999995,616132.0067414417,2977792.9123250446,-54.34100516942971,-5.894512004443144
1998,Caatinga,Natural,31014,523643.67000000004,1894661.2863948082,2563462.067646366,-42.43687186715242,-8.869805212861449
1998,Cerrado,Natural,263359,13962094.559999999,1308285.93105352,2388737.7529430077,-47.73158902002002,-10.893453140611921
1998,Mata Atlântica,Natural,14150,98406.54,1607157.9140479953,1268854.1699768482,-43.93695807158872,-20.32014571479364
1998,Pampa,Natural,2617,7460.19,520857.4073488101,166136.65561326002,-54.302951601365606,-30.479365983591983
1998,Pantanal,Natural,11973,388399.32,339270.4966286825,1590312.7691482466,-56.640892779686496,-18.31261140111742
1999,Amazônia,Natural,343994,3485798.0999999996,567706.5632840211,2772493.551326877,-54.841994725379095,-7.762938332519512
1999,Caatinga,Natural,34834,308005.29000000004,1950380.9391685247,2569026.556842105,-41.936418591579105,-8.75508154557337
1999,Cerrado,Natural,245508,8762994.99,1138949.3051908666,2294950.675599665,-49.292776565494684,-11.794399289099392
1999,Mata Atlântica,Natural,41529,292764.87,1201204.9803617552,897039.4697081767,-47.66072546665316,-23.824051555236053
1999,Pampa,Natural,6347,21189.6,540361.3060199339,164423.477310803,-54.09098239727412,-30.489223416734454
1999,Pantanal,Natural,38088,2647396.71,335251.86765006394,1560305.8880677929,-56.67587951559027,-18.572070104268022
2000,Amazônia,Natural,349991,2436105.42,637671.5384641784,3111903.9745869897,-54.29630192820625,-4.646833179174177
2000,Caatinga,Natural,47085,373264.74,2014610.555774739,2619184.2429101365,-41.40835669937056,-8.238442054108242
2000,Cerrado,Natural,236023,7425464.76,1286249.6125922485,2384258.6543452735,-47.94549294594755,-10.935541120433095
2000,Mata Atlântica,Natural,24668,158186.52,1211244.534782363,865410.5233917964,-47.5446585998443,-24.090228193221293
2000,Pampa,Natural,8191,27924.48,555175.4806479397,166057.95079594577,-53.92979020673736,-30.471260534488795
2000,Pantanal,Natural,13750,524826.0,336946.17705032945,1605278.0699549455,-56.667449492233814,-18.1841858741648
2001,Amazônia,Natural,412392,3933529.2899999996,534014.1814190603,3314497.924690683,-55.239830918759694,-2.835320564787464
2001,Caatinga,Natural,52867,516742.82999999996,1963562.138403537,2591204.785421824,-41.835005975898646,-8.547833307663998
2001,Cerrado,Natural,242146,9837007.65,1276013.2577139772,2427888.585423707,-48.08678151785492,-10.554696287858263
2001,Mata Atlântica,Natural,31269,168393.24000000002,1413949.4805813131,1041600.4978868703,-45.664582474110944,-22.41925708035399
2001,Pampa,Natural,5827,21064.86,519005.1965163405,240949.98638369856,-54.35606075678201,-29.84113986880113
2001,Pantanal,Natural,16601,1489687.02,270794.3151196017,1513915.7673443898,-57.306140196419975,-18.98382662625054
2002,Amazônia,Natural,369461,3675705.75,614642.7248852545,3132304.9237758396,-54.48166285236231,-4.482435081034963
2002,Caatinga,Natural,34103,354395.16,1983329.8400259316,2590231.922650558,-41.65934316845802,-8.52938303630899
2002,Cerrado,Natural,229587,8816406.57,1282017.9260223587,2378209.3046915666,-47.98591426931317,-10.988115995546544
2002,Mata Atlântica,Natural,22108,123094.08,1416098.711942914,1177093.0652088989,-45.73172974355083,-21.258660722046965
2002,Pampa,Natural,5859,17869.32,563256.4578932167,144704.84909973736,-53.831939843538564,-30.651332186780476
2002,Pantanal,Natural,21131,1509433.92,324388.25829127093,1513659.2052772471,-56.77312431812183,-18.977127298170647
2003,Amazônia,Natural,391770,2892521.5199999996,498343.372675363,3218952.6479224917,-55.53524489678943,-3.7056106249781298
2003,Caatinga,Natural,63473,490792.05000000005,2109011.302162493,2667501.266960965,-40.59542858094694,-7.708862807604732
2003,Cerrado,Natural,216644,6552585.179999999,1250410.983218874,2419182.5609440254,-48.32001013871731,-10.644349737747827
2003,Mata Atlântica,Natural,50092,346877.01,1377493.3310736266,1017654.5533010387,-46.025470544689554,-22.653774397965353
2003,Pampa,Natural,9807,33436.8,558393.5027376743,169948.86318074592,-53.897047886203396,-30.43685784265957
2003,Pantanal,Natural,12402,381613.77,336111.1558093935,1567229.2816384253,-56.670625578483474,-18.512234508009342
2004,Amazônia,Natural,418592,3922766.2800000003,610952.6600878476,3137466.660680594,-54.548824241256426,-4.435310823022152
2004,Caatinga,Natural,53900,454313.7,2076110.7676699888,2666029.001535879,-40.89199921910553,-7.760594075876294
2004,Cerrado,Natural,251688,9229141.530000001,1247961.8562492696,2383393.213340122,-48.312774655512484,-10.965427994242834
2004,Mata Atlântica,Natural,21177,141399.18,1246894.9210862385,899199.3121250552,-47.23165195233082,-23.77091591849352
2004,Pampa,Natural,8402,27848.43,569301.5822841987,126687.13616165792,-53.75877955758166,-30.80504161274773
2004,Pantanal,Natural,15918,821854.53,324253.75155491114,1603780.9239577407,-56.792930231340414,-18.199546142705508
2005,Amazônia,Natural,422023,4031553.0599999996,555161.6030073575,2993049.578406474,-55.04146414127124,-5.726658971911347
2005,Caatinga,Natural,49000,502944.48000000004,1972476.9054584072,2594095.051927549,-41.76372034746204,-8.506829018982462
2005,Cerrado,Natural,248232,8593328.7,1293816.6444306818,2442814.9840342184,-47.93301144084297,-10.406759701118407
2005,Mata Atlântica,Natural,21009,117889.65,1513797.4818304365,1344191.5458503715,-44.94043613324656,-19.733596761125437
2005,Pampa,Natural,6835,22675.86,564874.7185989287,115016.67849212841,-53.800961223699765,-30.906372909525068
2005,Pantanal,Natural,18538,1629566.64,295565.04028548393,1538243.6225923223,-57.06513954081882,-18.770145574452872
2006,Amazônia,Natural,318252,2782207.08,562450.9848337007,3135836.6371166175,-54.96961194613271,-4.456960599993775
2006,Caatinga,Natural,32647,235187.01,2097892.23343614,2720026.4651625864,-40.751571006321065,-7.2618067549596255
2006,Cerrado,Natural,157458,5072393.07,1220121.904204432,2377692.420318279,-48.57397415109672,-11.02765370193667
2006,Mata Atlântica,Natural,18873,140308.11,1139038.6468020424,1044612.8643620049,-48.40675457906429,-22.584242562364945
2006,Pampa,Natural,4358,12600.99,555695.183849292,146871.06747313397,-53.91613572164812,-30.635206475220183
2006,Pantanal,Natural,10809,290075.22,330766.5818333014,1487415.9197315697,-56.70563480042426,-19.201629394675674
2007,Amazônia,Natural,323052,4898838.33,670791.2140533385,2926910.421547965,-53.85260669116405,-6.338860101253604
2007,Caatinga,Natural,35773,677281.05,1875476.2788525617,2533566.5751086795,-42.58331433046168,-9.148717409125721
2007,Cerrado,Natural,276085,16131529.440000001,1286480.1387430835,2394326.5065747756,-47.954091499580834,-10.844756683760318
2007,Mata Atlântica,Natural,24157,184613.31,1315588.2473262888,989984.5004699636,-46.59113091722027,-22.943195856471718
2007,Pampa,Natural,4004,13492.8,531028.1451846887,186616.1636951649,-54.20046451341464,-30.302287417397356
2007,Pantanal,Natural,13014,1000748.16,326062.71136400173,1519013.3864745095,-56.75737950065302,-18.93063241420757
2008,Amazônia,Natural,265331,2724131.79,617677.9787204046,3228666.8803785043,-54.48786498013894,-3.603369824420759
2008,Caatinga,Natural,37781,497934.18,1944133.0206444128,2438781.330194852,-41.848031605822655,-9.904647715565536
2008,Cerrado,Natural,193124,6551516.430000001,1257576.3365856507,2385776.6441053785,-48.21716949357173,-10.939421588898082
2008,Mata Atlântica,Natural,18984,133696.71000000002,1499294.1660182003,1351819.7927268771,-45.08986538722064,-19.67246023375194
2008,Pampa,Natural,3988,16282.08,566247.4151155034,122121.2498687062,-53.78612505291046,-30.84389574910383
2008,Pantanal,Natural,11938,533157.48,322657.86253735423,1617494.0747813017,-56.8105965744879,-18.08203697422059
2009,Amazônia,Natural,217418,2234901.06,639352.8866017982,3512251.2449293863,-54.35903928252294,-1.0230479617577337
2009,Caatinga,Natural,25304,185606.28,2013780.2319859443,2575468.8176054386,-41.36412512313112,-8.625958635439156
2009,Cerrado,Natural,129737,3205304.37,1312089.8299058054,2495908.5213558665,-47.806265441768964,-9.92386004518445
2009,Mata Atlântica,Natural,10831,120764.7,976938.6699694861,927237.6609845349,-49.98209174223035,-23.69506280959089
2009,Pampa,Natural,4420,13346.28,555311.3003610428,149421.17144176812,-53.92103891215608,-30.61333116742077
2009,Pantanal,Natural,9715,649495.98,266537.1183181931,1469892.9418504762,-57.34029162784912,-19.365199568351173
2010,Amazônia,Natural,274381,4135381.83,609516.8793971001,2745740.124102068,-54.40941033130355,-8.003771367261669
2010,Caatinga,Natural,14569,484335.54000000004,1815347.9266260823,2540297.66888072,-43.14302685008978,-9.156434483883345
2010,Cerrado,Natural,244866,15929663.58,1219024.8453310116,2375869.0464793975,-48.57873326093804,-11.051181332080818
2010,Mata Atlântica,Natural,15653,122927.48999999999,1280647.8094293722,1002500.775682048,-46.954634186115705,-22.850047155014348
2010,Pampa,Natural,4582,15252.93,586440.0036513888,112743.83755437842,-53.566424176943066,-30.919372723127537
2010,Pantanal,Natural,12644,823585.14,324404.39024688373,1573782.5139263577,-56.78877602303113,-18.45789568711193
2011,Amazônia,Natural,152992,1868448.33,418465.2935362047,3197079.3369050184,-56.25860547281709,-3.929917045553099
2011,Caatinga,Natural,11500,158609.88,1837986.5270542777,2487160.9488345017,-42.88332332786712,-9.59230635761552
2011,Cerrado,Natural,137881,5915518.470000001,1340115.2618151102,2382091.8295329115,-47.43357321303384,-10.917836288406727
2011,Mata Atlântica,Natural,16935,101814.57,1537980.9238075283,1198263.6216538313,-44.48188041162214,-21.009905447539868
2011,Pampa,Natural,3682,9823.05,558159.6671857561,116015.16255373227,-53.87462473315917,-30.900021844973057
2011,Pantanal,Natural,8147,287118.54,322430.9519658248,1606226.144652159,-56.81016467185486,-18.179256277181622
2012,Amazônia,Natural,172689,2093771.43,768359.0879996037,3216343.4530762616,-53.13276828041179,-3.678201967586296
2012,Caatinga,Natural,19232,448226.28,1870981.5522151694,2533918.929561502,-42.63088336569688,-9.144833134145435
2012,Cerrado,Natural,197502,11667083.67,1383654.1052706218,2481919.855082912,-47.113062327339534,-10.010260531158213
2012,Mata Atlântica,Natural,10140,96075.99,1109015.0758259438,1049652.5452220254,-48.7412011389477,-22.553842152942774
2012,Pampa,Natural,6006,15531.48,594046.3674563059,120210.90968646822,-53.485466347633626,-30.851589897822333
2012,Pantanal,Natural,8318,856236.15,251814.84619149542,1509649.8266071174,-57.492452020988615,-19.025287766586004
2013,Amazônia,Natural,181360,1824087.51,514596.521450324,3399012.2965504634,-55.4014315355731,-2.0751863637853893
2013,Caatinga,Natural,13456,191075.94,1870476.8183424238,2509060.567469721,-42.601037360876184,-9.37106499062222
2013,Cerrado,Natural,143761,5791426.92,1298492.284887113,2483260.938903942,-47.923153986463625,-10.051097961742611
2013,Mata Atlântica,Natural,12538,74129.4,1429603.6710866615,1191928.3027448598,-45.657601171820836,-21.08712027236071
2013,Pampa,Natural,2665,9205.2,484599.794872332,154195.29812905382,-54.68826712998542,-30.593873093558344
2013,Pantanal,Natural,9150,391801.86,302934.2344190413,1538255.9077763208,-56.99336195121908,-18.768470411371847
2014,Amazônia,Natural,234986,3409097.13,412089.22694806935,3454864.4216333455,-56.325181113575816,-1.6026254069278123
2014,Caatinga,Natural,12205,166850.63999999998,1898493.8413565587,2595840.4426271915,-42.435694954702605,-8.578569052584305
2014,Cerrado,Natural,179114,9172969.2,1299485.4815891876,2437407.759193474,-47.870376159639086,-10.458625478804539
2014,Mata Atlântica,Natural,19942,133319.43,1399326.679423758,1091066.6321249062,-45.843951979284164,-21.99875324935794
2014,Pampa,Natural,2272,6877.08,433326.63980721496,242553.989646614,-55.28746101938315,-29.8513805095965
2014,Pantanal,Natural,5406,105398.1,368575.97522373724,1574876.2661955014,-56.34761479101707,-18.441486097452568
2015,Amazônia,Natural,354041,5120669.7,615505.5997049491,3324203.330997266,-54.49423269872747,-2.739026711600083
2015,Caatinga,Natural,18553,786437.8200000001,1788078.075103502,2452111.038260038,-43.29556909691735,-9.963423344522495
2015,Cerrado,Natural,189534,9484811.91,1330166.6274858112,2477448.064429819,-47.61641443816845,-10.082467384704328
2015,Mata Atlântica,Natural,21695,135962.46,1671036.5036016547,1331739.544676629,-43.35648241351056,-19.716175234785943
2015,Pampa,Natural,2382,9046.17,477934.5902875289,197036.88498112746,-54.7823472180761,-30.228351187702586
2015,Pantanal,Natural,8286,463886.46,274008.1119242157,1480216.7207619352,-57.27049632544117,-19.273658688174606
2016,Amazônia,Natural,353762,5711556.42,578911.1220765818,3273601.281959168,-54.81485400495587,-3.2110193314630835
2016,Caatinga,Natural,17195,308719.44,1922639.3858854221,2628859.720891111,-42.25051086904463,-8.261576660182213
2016,Cerrado,Natural,179457,8389843.02,1274153.7304193962,2470431.6729652905,-48.14564086689048,-10.179276713269253
2016,Mata Atlântica,Natural,26011,176577.66,1297800.5089077752,974905.6391736016,-46.813181559326466,-23.053046312827178
2016,Pampa,Natural,3409,14422.95,461219.7238689978,277137.64863887173,-54.99749290778023,-29.54740374642654
2016,Pantanal,Natural,10479,783365.31,283930.6600758967,1465123.0480474622,-57.16864870906444,-19.40229060313823
2017,Amazônia,Natural,316641,4799252.79,643520.1221874073,3115767.0776131237,-54.17735802555215,-4.6411094122825025
2017,Caatinga,Natural,12384,191158.19999999998,1951534.4614409385,2615902.673078527,-41.976087462412046,-8.340800684159156
2017,Cerrado,Natural,166087,9621797.129999999,1236774.5211007749,2441470.3944596085,-48.46473330757798,-10.467357267864378
2017,Mata Atlântica,Natural,18484,159387.12000000002,1130343.1060903107,898962.0527089302,-48.39838675310679,-23.842797763861114
2017,Pampa,Natural,3852,19491.84,431248.36888765846,245781.47703220395,-55.31260951497157,-29.82513361972548
2017,Pantanal,Natural,9663,563382.54,337240.3589219884,1565938.4465068392,-56.658410148981694,-18.52420959892104
2018,Amazônia,Natural,200963,2670438.33,367660.2274133784,3418140.6395490114,-56.71501112096966,-1.9353274998161838
2018,Caatinga,Natural,12704,321807.06,1918710.314031491,2654050.854303122,-42.31132283623009,-8.045020760715548
2018,Cerrado,Natural,130068,4804613.82,1302643.91838905,2479528.8825258184,-47.88996733007728,-10.075560150591642
2018,Mata Atlântica,Natural,13892,84001.59,1236663.8724246926,902305.6206521578,-47.37691480969813,-23.731264755010162
2018,Pampa,Natural,2462,8438.4,474997.3040276095,196364.9002012399,-54.81545394975082,-30.235050392683792
2018,Pantanal,Natural,6766,152442.54,375471.0928646921,1618482.2927006977,-56.28910055682625,-18.06356706030318
2019,Amazônia,Natural,212351,3812485.68,313506.5571033315,3353916.8225558065,-57.15036051656523,-2.5395926471514705
2019,Caatinga,Natural,23967,555711.48,2016149.3337110945,2698981.6257279855,-41.47472818659227,-7.540544209152443
2019,Cerrado,Natural,164895,8277296.9399999995,1224438.300607196,2398233.7743393173,-48.551968186989185,-10.850605932644298
2019,Mata Atlântica,Natural,22501,206465.4,1112811.3420048733,992068.4936612794,-48.673286353029525,-23.040569156409006
2019,Pampa,Natural,4355,21317.31,449619.7131521806,258646.36091664492,-55.116991934744256,-29.709447557248794
2019,Pantanal,Natural,11862,1488674.7,275848.39083646826,1481336.2692953974,-57.249495613660805,-19.264460146414464
2020,Amazônia,Natural,235840,4010311.8,433166.30599281884,3138856.345835777,-56.06449222513761,-4.471035403885946
2020,Caatinga,Natural,21760,459444.06,1967105.8075106975,2678791.490759507,-41.897923272607756,-7.774597523826042
2020,Cerrado,Natural,154027,7712310.87,1160287.2422272195,2375055.7799799694,-49.14810755085431,-11.081701465779693
2020,Mata Atlântica,Natural,16903,136172.25,1211533.3037679761,861204.2877894148,-47.56809745307145,-24.111322737150978
2020,Pampa,Natural,4016,21062.16,489596.1323673014,192410.93142376386,-54.6528992805818,-30.26395518957777
2020,Pantanal,Natural,17984,2630204.19,295221.02531861124,1638125.9818068168,-57.086672398841614,-17.909565874879018
2021,Amazônia,Natural,131046,1973446.2000000002,297937.8238879771,3305565.0346468696,-57.33979472546453,-2.9649831172876167
2021,Caatinga,Natural,24420,823486.59,1866439.2535137648,2545344.6652272074,-42.67955213231888,-9.056966989065083
2021,Cerrado,Natural,123364,6422244.4799999995,1253895.3209890677,2315353.9565406125,-48.198479697577824,-11.563289679627372
2021,Mata Atlântica,Natural,17848,133944.57,1178270.7648733084,1088185.6358597805,-48.09860351308592,-22.162126931157363
2021,Pampa,Natural,2196,8482.86,475785.2324940526,176818.94425842905,-54.796064535717655,-30.402630659613923
2021,Pantanal,Natural,13960,1653924.51,258852.84423474575,1527597.2107201433,-57.4238406374196,-18.86861431864082
2022,Amazônia,Natural,237873,3105086.1300000004,448636.1749519859,3092094.347737215,-55.92954232911651,-4.895313794456708
2022,Caatinga,Natural,24389,492757.02,1873010.1239981067,2581913.3823515475,-42.65479506601429,-8.730910330933126
2022,Cerrado,Natural,137471,7100509.23,1265002.475621703,2434435.357679333,-48.19136939810386,-10.509278944527612
2022,Mata Atlântica,Natural,14292,127256.04,1066003.3676602184,942163.7373817043,-49.06996831208403,-23.51524978970541
2022,Pampa,Natural,2211,40426.11,465594.38840098557,198095.41773343735,-54.9110461958163,-30.22398919434818
2022,Pantanal,Natural,4813,249379.38,260958.97817705962,1462755.785192614,-57.39424356839494,-19.427445558681573
2023,Amazônia,Natural,221809,4701946.05,346902.32487912354,3508140.7874634583,-56.922887129233516,-1.1269527459804027
2023,Caatinga,Natural,26394,542153.07,1918900.82081912,2619181.972626598,-42.27384452025569,-8.351881614149839
2023,Cerrado,Natural,131150,5251213.62,1378289.66011616,2515243.7255159114,-47.20095667675319,-9.715808990498552
2023,Mata Atlântica,Natural,14701,104058.0,1310423.4759126182,1042697.7180706325,-46.745265562311296,-22.45941646954666
2023,Pampa,Natural,1020,6980.58,562554.7564820979,51603.76420223467,-53.78814980052994,-31.45203889293991
2023,Pantanal,Natural,6928,641574.72,282232.3593608238,1583182.457950146,-57.20389618995713,-18.386003845539424
2024,Amazônia,Natural,329890,10381999.41,463316.6891950958,3069936.690252909,-55.80289276146065,-5.120043837613006
2024,Caatinga,Natural,22870,344895.84,1947372.8184052983,2650180.1144680944,-42.044098992727115,-8.048958749184
2024,Cerrado,Natural,150594,9459480.69,1098308.6307741727,2339526.1812421903,-49.712891566015216,-11.423705374980196
2024,Mata Atlântica,Natural,27298,311727.51,1023076.9647527818,1074563.0759756402,-49.59434053745301,-22.40588097072601
2024,Pampa,Natural,3880,8368.92,472748.8411564025,231647.38041939013,-54.85473482984074,-29.932268485687995
2024,Pantanal,Natural,12739,2246992.47,277833.9438606836,1553990.8985416463,-57.24080968294986,-18.638322762679437
